url_path,views_total,views_unique
/awslabs/aws-cloudsaga,126,54
/awslabs/aws-cloudsaga/pulls,81,15
/awslabs/aws-cloudsaga/issues,70,12
/awslabs/aws-cloudsaga/actions,10,5
/awslabs/aws-cloudsaga/commit/2fe0dddbae839845765c666496301be8d6dc70c2,7,4
/awslabs/aws-cloudsaga/commit/9f0c0b443b665a5cdc9be9d7bb8bda4f0b17cce0,7,4
/awslabs/aws-cloudsaga/blob/main/LICENSE,5,4
/awslabs/aws-cloudsaga/blob/main/NOTICE,5,4
/awslabs/aws-cloudsaga/commit/1e3537bbc1dd0630219a2de2f259ef49b7e71617,5,4
/awslabs/aws-cloudsaga/commit/69a1d8bf929b384d46077cb25ae1790523354b07,5,4
